Date_Time,Sentiment
,Positive
,Nuetral
,Negative
,Very Positive
,Positive
,Positive
,Neutral
,Neutral
,Very Negative
,Negative
,Negative
,Neutral
,Positive
,Very Positive
,Very Positive
,Postitive
,Positive
2025-07-02 01:20:11,Negative
2025-07-07 15:18:42,Negative
2025-07-07 15:19:33,Negative
2025-07-07 15:20:00,Positive
2025-07-07 15:21:53,Negative
2025-07-07 15:21:54,Positive
2025-07-07 15:22:16,Positive
2025-07-07 15:28:32,Negative
2025-07-07 15:28:47,Positive
2025-07-07 15:30:20,Negative
2025-07-07 15:30:21,Positive
2025-07-07 15:30:32,Positive
2025-07-07 15:33:03,Negative
2025-07-07 15:33:04,Positive
2025-07-07 15:33:17,Positive
2025-07-07 15:58:47,Negative
2025-07-07 15:59:08,Positive
2025-07-07 16:00:13,Negative
2025-07-07 16:00:15,Positive
2025-07-07 16:00:30,Positive
2025-07-07 16:03:17,Negative
2025-07-07 16:03:18,Positive
2025-07-07 16:03:41,Negative
2025-07-07 16:04:20,Negative
2025-07-07 16:04:21,Negative
2025-07-07 16:04:44,Negative
2025-07-07 16:06:47,Negative
2025-07-07 16:06:48,Negative
2025-07-07 16:06:57,Negative
2025-07-07 16:11:37,Negative
2025-07-07 16:11:39,Negative
2025-07-07 16:13:57,Negative
2025-07-07 16:13:58,Negative
2025-07-07 16:14:24,Negative
2025-07-07 16:14:25,Negative
2025-07-07 16:14:42,Negative
2025-07-07 16:14:43,Negative
2025-07-07 16:15:15,Negative
2025-07-07 16:15:17,Negative
2025-07-07 16:15:49,Negative
2025-07-07 16:16:25,Positive
2025-07-07 16:17:05,Positive
2025-07-07 16:17:25,Positive
2025-07-07 16:19:13,Negative
2025-07-07 16:19:24,Positive
2025-07-07 16:19:45,Positive
2025-07-07 16:20:05,Negative
2025-07-07 16:20:22,Positive
2025-07-07 16:20:29,Positive
